siteId,chargerId,connectorId,energy_kWh,sessionDurationMin,tariffINR,revenueINR,startTime,stopTime
Mumbai-Central,CHG-MUM-01,Conn-1,25.5,45,12,306,2025-12-01 08:15:00,2025-12-01 09:00:00
Mumbai-Central,CHG-MUM-01,Conn-2,18.2,35,12,218,2025-12-01 09:30:00,2025-12-01 10:05:00
Mumbai-Central,CHG-MUM-02,Conn-1,32.8,55,12,394,2025-12-01 10:15:00,2025-12-01 11:10:00
Mumbai-Central,CHG-MUM-02,Conn-2,22.4,40,12,269,2025-12-01 11:30:00,2025-12-01 12:10:00
Mumbai-Central,CHG-MUM-01,Conn-1,0.5,5,12,6,2025-12-01 14:00:00,2025-12-01 14:05:00
Mumbai-Central,CHG-MUM-01,Conn-2,15.3,30,12,184,2025-12-01 15:00:00,2025-12-01 15:30:00
Mumbai-Central,CHG-MUM-01,Conn-1,28.7,48,12,344,2025-12-02 07:45:00,2025-12-02 08:33:00
Mumbai-Central,CHG-MUM-01,Conn-2,20.1,38,12,241,2025-12-02 09:00:00,2025-12-02 09:38:00
Mumbai-Central,CHG-MUM-02,Conn-1,35.4,58,12,425,2025-12-02 10:30:00,2025-12-02 11:28:00
Mumbai-Central,CHG-MUM-02,Conn-2,24.8,44,12,298,2025-12-02 12:00:00,2025-12-02 12:44:00
Mumbai-Central,CHG-MUM-01,Conn-1,12.5,25,12,150,2025-12-02 14:30:00,2025-12-02 14:55:00
Mumbai-Central,CHG-MUM-01,Conn-2,8.2,18,12,98,2025-12-02 16:00:00,2025-12-02 16:18:00
Delhi-South,CHG-DEL-01,Conn-1,28.6,50,14,400,2025-12-01 07:45:00,2025-12-01 08:35:00
Delhi-South,CHG-DEL-01,Conn-2,35.2,60,14,493,2025-12-01 09:00:00,2025-12-01 10:00:00
Delhi-South,CHG-DEL-02,Conn-1,20.1,38,14,281,2025-12-01 10:30:00,2025-12-01 11:08:00
Delhi-South,CHG-DEL-02,Conn-2,26.8,48,14,375,2025-12-01 12:00:00,2025-12-01 12:48:00
Delhi-South,CHG-DEL-01,Conn-1,30.5,52,14,427,2025-12-02 08:00:00,2025-12-02 08:52:00
Delhi-South,CHG-DEL-01,Conn-2,37.8,62,14,529,2025-12-02 09:30:00,2025-12-02 10:32:00
Delhi-South,CHG-DEL-02,Conn-1,22.3,40,14,312,2025-12-02 11:00:00,2025-12-02 11:40:00
Delhi-South,CHG-DEL-02,Conn-2,29.5,51,14,413,2025-12-02 13:00:00,2025-12-02 13:51:00
Delhi-South,CHG-DEL-01,Conn-1,25.8,46,14,361,2025-12-03 07:30:00,2025-12-03 08:16:00
Delhi-South,CHG-DEL-01,Conn-2,33.1,56,14,463,2025-12-03 09:15:00,2025-12-03 10:11:00
Delhi-South,CHG-DEL-02,Conn-1,19.8,37,14,277,2025-12-03 10:45:00,2025-12-03 11:22:00
Delhi-South,CHG-DEL-02,Conn-2,28.2,49,14,395,2025-12-03 12:30:00,2025-12-03 13:19:00
Bangalore-Tech,CHG-BLR-01,Conn-1,30.5,52,13,397,2025-12-01 08:00:00,2025-12-01 08:52:00
Bangalore-Tech,CHG-BLR-01,Conn-2,24.3,42,13,316,2025-12-01 09:30:00,2025-12-01 10:12:00
Bangalore-Tech,CHG-BLR-02,Conn-1,33.7,58,13,438,2025-12-01 11:00:00,2025-12-01 11:58:00
Bangalore-Tech,CHG-BLR-02,Conn-2,19.8,36,13,257,2025-12-01 13:00:00,2025-12-01 13:36:00
Bangalore-Tech,CHG-BLR-01,Conn-1,28.4,49,13,369,2025-12-01 14:30:00,2025-12-01 15:19:00
Bangalore-Tech,CHG-BLR-01,Conn-1,32.1,55,13,417,2025-12-02 08:15:00,2025-12-02 09:10:00
Bangalore-Tech,CHG-BLR-01,Conn-2,26.5,45,13,345,2025-12-02 10:00:00,2025-12-02 10:45:00
Bangalore-Tech,CHG-BLR-02,Conn-1,35.8,61,13,465,2025-12-02 11:30:00,2025-12-02 12:31:00
Bangalore-Tech,CHG-BLR-02,Conn-2,21.6,39,13,281,2025-12-02 13:45:00,2025-12-02 14:24:00
Bangalore-Tech,CHG-BLR-01,Conn-1,30.2,52,13,393,2025-12-02 15:00:00,2025-12-02 15:52:00
Bangalore-Tech,CHG-BLR-01,Conn-2,17.5,32,13,228,2025-12-02 16:30:00,2025-12-02 17:02:00
Bangalore-Tech,CHG-BLR-01,Conn-1,29.8,51,13,387,2025-12-03 07:45:00,2025-12-03 08:36:00
Bangalore-Tech,CHG-BLR-01,Conn-2,23.4,41,13,304,2025-12-03 09:15:00,2025-12-03 09:56:00
Bangalore-Tech,CHG-BLR-02,Conn-1,34.5,59,13,449,2025-12-03 10:45:00,2025-12-03 11:44:00
Bangalore-Tech,CHG-BLR-02,Conn-2,20.3,37,13,264,2025-12-03 12:30:00,2025-12-03 13:07:00
Bangalore-Tech,CHG-BLR-01,Conn-1,31.5,54,13,410,2025-12-03 14:00:00,2025-12-03 14:54:00
Bangalore-Tech,CHG-BLR-01,Conn-2,18.9,34,13,246,2025-12-03 15:30:00,2025-12-03 16:04:00
Pune-Highway,CHG-PUN-01,Conn-1,42.5,70,15,638,2025-12-01 06:30:00,2025-12-01 07:40:00
Pune-Highway,CHG-PUN-01,Conn-2,38.9,65,15,584,2025-12-01 08:15:00,2025-12-01 09:20:00
Pune-Highway,CHG-PUN-02,Conn-1,45.2,75,15,678,2025-12-01 10:00:00,2025-12-01 11:15:00
Pune-Highway,CHG-PUN-02,Conn-2,40.1,68,15,602,2025-12-01 12:30:00,2025-12-01 13:38:00
Pune-Highway,CHG-PUN-01,Conn-1,36.7,62,15,551,2025-12-01 14:00:00,2025-12-01 15:02:00
Pune-Highway,CHG-PUN-01,Conn-2,28.3,48,15,425,2025-12-01 16:00:00,2025-12-01 16:48:00
Pune-Highway,CHG-PUN-01,Conn-1,44.1,73,15,662,2025-12-02 06:00:00,2025-12-02 07:13:00
Pune-Highway,CHG-PUN-01,Conn-2,37.5,63,15,563,2025-12-02 08:00:00,2025-12-02 09:03:00
Pune-Highway,CHG-PUN-02,Conn-1,46.8,77,15,702,2025-12-02 10:30:00,2025-12-02 11:47:00
Pune-Highway,CHG-PUN-02,Conn-2,41.3,69,15,620,2025-12-02 13:00:00,2025-12-02 14:09:00
Pune-Highway,CHG-PUN-01,Conn-1,35.2,60,15,528,2025-12-02 15:30:00,2025-12-02 16:30:00
Pune-Highway,CHG-PUN-01,Conn-2,29.8,50,15,447,2025-12-02 17:00:00,2025-12-02 17:50:00
Pune-Highway,CHG-PUN-01,Conn-1,43.5,72,15,653,2025-12-03 06:15:00,2025-12-03 07:27:00
Pune-Highway,CHG-PUN-01,Conn-2,39.2,66,15,588,2025-12-03 08:30:00,2025-12-03 09:36:00
Pune-Highway,CHG-PUN-02,Conn-1,47.2,78,15,708,2025-12-03 10:45:00,2025-12-03 12:03:00
Pune-Highway,CHG-PUN-02,Conn-2,42.6,71,15,639,2025-12-03 13:15:00,2025-12-03 14:26:00
Pune-Highway,CHG-PUN-01,Conn-1,37.1,63,15,557,2025-12-03 15:00:00,2025-12-03 16:03:00
Pune-Highway,CHG-PUN-01,Conn-2,30.5,52,15,458,2025-12-03 17:30:00,2025-12-03 18:22:00
Chennai-ECO,CHG-CHN-01,Conn-1,22.8,42,11,251,2025-12-01 07:00:00,2025-12-01 07:42:00
Chennai-ECO,CHG-CHN-01,Conn-2,18.5,35,11,204,2025-12-01 09:00:00,2025-12-01 09:35:00
Chennai-ECO,CHG-CHN-02,Conn-1,26.4,47,11,290,2025-12-01 11:00:00,2025-12-01 11:47:00
Chennai-ECO,CHG-CHN-02,Conn-2,15.2,30,11,167,2025-12-01 13:30:00,2025-12-01 14:00:00
Chennai-ECO,CHG-CHN-01,Conn-1,24.1,43,11,265,2025-12-02 07:30:00,2025-12-02 08:13:00
Chennai-ECO,CHG-CHN-01,Conn-2,19.8,37,11,218,2025-12-02 09:30:00,2025-12-02 10:07:00
Chennai-ECO,CHG-CHN-02,Conn-1,28.2,50,11,310,2025-12-02 11:15:00,2025-12-02 12:05:00
Chennai-ECO,CHG-CHN-02,Conn-2,16.7,32,11,184,2025-12-02 14:00:00,2025-12-02 14:32:00
Chennai-ECO,CHG-CHN-01,Conn-1,23.5,42,11,259,2025-12-03 07:15:00,2025-12-03 07:57:00
Chennai-ECO,CHG-CHN-01,Conn-2,20.3,38,11,223,2025-12-03 09:45:00,2025-12-03 10:23:00
Chennai-ECO,CHG-CHN-02,Conn-1,27.8,49,11,306,2025-12-03 11:30:00,2025-12-03 12:19:00
Chennai-ECO,CHG-CHN-02,Conn-2,14.8,29,11,163,2025-12-03 14:15:00,2025-12-03 14:44:00
Hyderabad-Corp,CHG-HYD-01,Conn-1,31.2,54,12,374,2025-12-01 08:30:00,2025-12-01 09:24:00
Hyderabad-Corp,CHG-HYD-01,Conn-2,25.6,44,12,307,2025-12-01 10:00:00,2025-12-01 10:44:00
Hyderabad-Corp,CHG-HYD-02,Conn-1,34.8,59,12,418,2025-12-01 11:30:00,2025-12-01 12:29:00
Hyderabad-Corp,CHG-HYD-02,Conn-2,21.3,38,12,256,2025-12-01 13:45:00,2025-12-01 14:23:00
Hyderabad-Corp,CHG-HYD-01,Conn-1,33.5,57,12,402,2025-12-02 08:00:00,2025-12-02 08:57:00
Hyderabad-Corp,CHG-HYD-01,Conn-2,27.1,47,12,325,2025-12-02 10:15:00,2025-12-02 11:02:00
Hyderabad-Corp,CHG-HYD-02,Conn-1,36.2,61,12,434,2025-12-02 12:00:00,2025-12-02 13:01:00
Hyderabad-Corp,CHG-HYD-02,Conn-2,23.8,41,12,286,2025-12-02 14:30:00,2025-12-02 15:11:00
Hyderabad-Corp,CHG-HYD-01,Conn-1,32.8,56,12,394,2025-12-03 08:15:00,2025-12-03 09:11:00
Hyderabad-Corp,CHG-HYD-01,Conn-2,26.4,45,12,317,2025-12-03 10:45:00,2025-12-03 11:30:00
Hyderabad-Corp,CHG-HYD-02,Conn-1,35.6,60,12,427,2025-12-03 12:30:00,2025-12-03 13:30:00
Hyderabad-Corp,CHG-HYD-02,Conn-2,22.5,39,12,270,2025-12-03 15:00:00,2025-12-03 15:39:00
Kolkata-Mall,CHG-KOL-01,Conn-1,20.4,38,10,204,2025-12-01 09:00:00,2025-12-01 09:38:00
Kolkata-Mall,CHG-KOL-01,Conn-2,15.8,30,10,158,2025-12-01 11:00:00,2025-12-01 11:30:00
Kolkata-Mall,CHG-KOL-02,Conn-1,23.6,43,10,236,2025-12-01 13:00:00,2025-12-01 13:43:00
Kolkata-Mall,CHG-KOL-02,Conn-2,12.1,24,10,121,2025-12-01 15:30:00,2025-12-01 15:54:00
Kolkata-Mall,CHG-KOL-01,Conn-1,21.8,40,10,218,2025-12-02 09:15:00,2025-12-02 09:55:00
Kolkata-Mall,CHG-KOL-01,Conn-2,16.5,32,10,165,2025-12-02 11:30:00,2025-12-02 12:02:00
Kolkata-Mall,CHG-KOL-02,Conn-1,25.2,45,10,252,2025-12-02 13:15:00,2025-12-02 14:00:00
Kolkata-Mall,CHG-KOL-02,Conn-2,13.4,26,10,134,2025-12-02 15:45:00,2025-12-02 16:11:00
Kolkata-Mall,CHG-KOL-01,Conn-1,22.6,41,10,226,2025-12-03 09:30:00,2025-12-03 10:11:00
Kolkata-Mall,CHG-KOL-01,Conn-2,17.2,33,10,172,2025-12-03 11:45:00,2025-12-03 12:18:00
Kolkata-Mall,CHG-KOL-02,Conn-1,24.8,44,10,248,2025-12-03 13:30:00,2025-12-03 14:14:00
Kolkata-Mall,CHG-KOL-02,Conn-2,14.2,28,10,142,2025-12-03 16:00:00,2025-12-03 16:28:00
Ahmedabad-Gift,CHG-AHD-01,Conn-1,28.9,50,12,347,2025-12-01 07:30:00,2025-12-01 08:20:00
Ahmedabad-Gift,CHG-AHD-01,Conn-2,22.1,40,12,265,2025-12-01 09:45:00,2025-12-01 10:25:00
Ahmedabad-Gift,CHG-AHD-02,Conn-1,31.5,54,12,378,2025-12-01 11:30:00,2025-12-01 12:24:00
Ahmedabad-Gift,CHG-AHD-02,Conn-2,17.6,33,12,211,2025-12-01 14:00:00,2025-12-01 14:33:00
Ahmedabad-Gift,CHG-AHD-01,Conn-1,30.2,52,12,362,2025-12-02 08:00:00,2025-12-02 08:52:00
Ahmedabad-Gift,CHG-AHD-01,Conn-2,23.8,42,12,286,2025-12-02 10:15:00,2025-12-02 10:57:00
Ahmedabad-Gift,CHG-AHD-02,Conn-1,33.2,56,12,398,2025-12-02 12:00:00,2025-12-02 12:56:00
Ahmedabad-Gift,CHG-AHD-02,Conn-2,19.4,36,12,233,2025-12-02 14:30:00,2025-12-02 15:06:00
Ahmedabad-Gift,CHG-AHD-01,Conn-1,29.5,51,12,354,2025-12-03 07:45:00,2025-12-03 08:36:00
Ahmedabad-Gift,CHG-AHD-01,Conn-2,21.3,39,12,256,2025-12-03 10:00:00,2025-12-03 10:39:00
Ahmedabad-Gift,CHG-AHD-02,Conn-1,32.6,55,12,391,2025-12-03 11:45:00,2025-12-03 12:40:00
Ahmedabad-Gift,CHG-AHD-02,Conn-2,18.8,35,12,226,2025-12-03 14:15:00,2025-12-03 14:50:00
